0.000000000000000000e+00,0.000000000000000000e+00
5.542297170553272281e+02,-2.501135226339101791e-03
5.557081472571702534e+02,-2.104486338794231415e-03
5.571859625307117767e+02,-1.905567361973226070e-03
5.586631631929270725e+02,-1.874723355285823345e-03
5.601397495605658605e+02,-1.488054986111819744e-03
5.616157219501391182e+02,-1.096475869417190552e-03
5.630910806779282893e+02,-9.026266634464263916e-04
5.645658260599890355e+02,-3.183557710144668818e-04
5.660399584121386169e+02,1.670342608122155070e-04
5.675134780499754470e+02,7.265292224474251270e-04
5.689863852888524889e+02,1.444150693714618683e-03
5.704586804439063599e+02,2.354495925828814507e-03
5.719303638300368675e+02,3.284578910097479820e-03
5.734014357619186057e+02,4.046586807817220688e-03
5.748718965539918599e+02,4.620749969035387039e-03
5.763417465204736345e+02,6.138889119029045105e-03
5.778109859753488990e+02,6.762412842363119125e-03
5.792796152323726346e+02,7.474869024008512497e-03
5.807476346050767688e+02,8.350393734872341156e-03
5.822150444067565331e+02,9.349448606371879578e-03
5.836818449504884256e+02,9.636757895350456238e-03
5.851480365491146358e+02,1.027495041489601135e-02
5.866136195152517985e+02,1.064127590507268906e-02
5.880785941612888337e+02,1.101251132786273956e-02
5.895429607993916079e+02,1.182853616774082184e-02
5.910067197414936118e+02,1.225901674479246140e-02
5.924698712992988021e+02,1.261038798838853836e-02
5.939324157842960403e+02,1.326815877109766006e-02
5.953943535077360139e+02,1.351567357778549194e-02
5.968556847806504493e+02,1.383729465305805206e-02
5.983164099138388110e+02,1.353119220584630966e-02
5.997765292178837626e+02,1.389228738844394684e-02
6.012360430031337728e+02,1.368002779781818390e-02
6.026949515797164167e+02,1.317118853330612183e-02
6.041532552575334876e+02,1.312196627259254456e-02
6.056109543462612237e+02,1.290466822683811188e-02
6.070680491553504226e+02,1.290974952280521393e-02
6.085245399940308744e+02,1.263802032917737961e-02
6.099804271713022672e+02,1.293958351016044617e-02
6.114357109959431682e+02,1.376995723694562912e-02
6.128903917765110236e+02,1.614234410226345062e-02
6.143444698213335187e+02,1.903365552425384521e-02
6.157979454385168765e+02,2.199412882328033447e-02
6.172508189359487005e+02,2.399573661386966705e-02
6.187030906212864920e+02,2.439101412892341614e-02
6.201547608019708377e+02,2.309594489634037018e-02
6.216058297852126771e+02,2.066407911479473114e-02
6.230562978780081949e+02,1.746610179543495178e-02
6.245061653871235876e+02,1.501440256834030151e-02
6.259554326191107521e+02,1.360058505088090897e-02
6.274040998802892091e+02,1.261672936379909515e-02
6.288521674767703189e+02,1.296730246394872665e-02
6.302996357144294279e+02,1.341175194829702377e-02
6.317465048989311072e+02,1.597647927701473236e-02
6.331927753357169877e+02,1.967793703079223633e-02
6.346384473299984847e+02,2.301856502890586853e-02
6.360835211867812404e+02,2.644318342208862305e-02
6.375279972108365882e+02,2.737183310091495514e-02
6.389718757067257684e+02,2.704012580215930939e-02
6.404151569787820790e+02,2.509714849293231964e-02
6.418578413311220174e+02,2.217553183436393738e-02
6.432999290676452802e+02,1.842355541884899139e-02
6.447414204920238490e+02,1.629761047661304474e-02
6.461823159077196124e+02,1.395910978317260742e-02
6.476226156179685631e+02,1.201102975755929947e-02
6.490623199257921669e+02,1.100692618638277054e-02
6.505014291339865622e+02,1.020048838108778000e-02
6.519399435451372256e+02,9.828954003751277924e-03
6.533778634616044201e+02,9.437618777155876160e-03
6.548151891855357007e+02,9.288431145250797272e-03
6.562519210188554553e+02,9.139211848378181458e-03
6.576880592632752496e+02,8.940535597503185272e-03
6.591236042202816634e+02,8.998835459351539612e-03
6.605585561911547074e+02,9.062045253813266754e-03
6.619929154769448587e+02,9.362461976706981659e-03
6.634266823784921598e+02,9.544226340949535370e-03
6.648598571964200801e+02,9.814923629164695740e-03
6.662924402311347194e+02,9.878006763756275177e-03
6.677244317828236717e+02,1.046001445502042770e-02
6.691558321514595491e+02,1.074050087481737137e-02
6.705866416367982765e+02,1.029935758560895920e-02
6.720168605383811382e+02,1.049575954675674438e-02
6.734464891555301165e+02,9.733293205499649048e-03
6.748755277873573277e+02,9.015277028083801270e-03
6.763039767327533127e+02,8.746991865336894989e-03
6.777318362903985189e+02,8.167301304638385773e-03
6.791591067587540920e+02,7.973088882863521576e-03
6.805857884360690377e+02,7.561377249658107758e-03
6.820118816203797678e+02,7.184230722486972809e-03
6.834373866095012318e+02,6.970153655856847763e-03
6.848623037010382859e+02,6.602828390896320343e-03
6.862866331923855796e+02,6.413399707525968552e-03
6.877103753807163002e+02,5.848312750458717346e-03
6.891335305629955883e+02,5.728013347834348679e-03
6.905560990359718971e+02,5.414927378296852112e-03
6.919780810961829047e+02,5.348931998014450073e-03
6.933994770399500567e+02,5.416350904852151871e-03
6.948202871633839095e+02,5.231673363596200943e-03
6.962405117623806063e+02,5.264430772513151169e-03
6.976601511326260834e+02,5.218077450990676880e-03
6.990792055695934550e+02,4.830663092434406281e-03
7.004976753685436961e+02,5.031368695199489594e-03
7.019155608245205258e+02,5.157905165106058121e-03
7.033328622323641639e+02,4.977978300303220749e-03
7.047495798866979158e+02,4.985832143574953079e-03
7.061657140819302185e+02,5.527439061552286148e-03
7.075812651122724901e+02,5.970164667814970016e-03
7.089962332717061599e+02,6.526534445583820343e-03
7.104106188540173434e+02,7.008736021816730499e-03
7.118244221527712625e+02,6.606207694858312607e-03
7.132376434613291849e+02,6.228358484804630280e-03
7.146502830728331901e+02,5.944385193288326263e-03
7.160623412802284520e+02,4.993148148059844971e-03
7.174738183762384551e+02,4.704168066382408142e-03
7.188847146533832984e+02,4.400328267365694046e-03
7.202950304039724188e+02,4.343579523265361786e-03
7.217047659200986800e+02,4.667367320507764816e-03
7.231139214936574717e+02,4.773655440658330917e-03
7.245224974163272691e+02,4.721752833575010300e-03
7.259304939795807741e+02,5.099811591207981110e-03
7.273379114746802543e+02,5.655766930431127548e-03
7.287447501926817495e+02,6.167207844555377960e-03
7.301510104244291597e+02,6.752753630280494690e-03
7.315566924605624308e+02,7.570563349872827530e-03
7.329617965915066407e+02,8.235123939812183380e-03
7.343663231074897340e+02,9.542171843349933624e-03
7.357702722985250148e+02,9.361510165035724640e-03
7.371736444544176265e+02,9.274723939597606659e-03
7.385764398647664848e+02,8.817221038043498993e-03
7.399786588189668919e+02,8.255895227193832397e-03
7.413803016062038296e+02,7.654997985810041428e-03
7.427813685154582117e+02,7.029355969280004501e-03
7.441818598354988126e+02,7.075855508446693420e-03
7.455817758548945449e+02,6.810948718339204788e-03
7.469811168620021817e+02,6.743708625435829163e-03
7.483798831449806812e+02,6.903788540512323380e-03
7.497780749917770891e+02,6.960045080631971359e-03
7.511756926901298357e+02,7.248564623296260834e-03
7.525727365275780585e+02,7.818772457540035248e-03
7.539692067914569407e+02,7.919415831565856934e-03
7.553651037688914585e+02,8.044738322496414185e-03
7.567604277467984275e+02,8.194741792976856232e-03
7.581551790119016232e+02,8.275519125163555145e-03
7.595493578507099528e+02,7.901559583842754364e-03
7.609429645495332579e+02,7.903193123638629913e-03
7.623359993944750386e+02,8.260652422904968262e-03
7.637284626714327942e+02,8.909683674573898315e-03
7.651203546661070050e+02,9.746495634317398071e-03
7.665116756639853293e+02,1.108246296644210815e-02
7.679024259503604526e+02,1.382205449044704437e-02
7.692926058103146261e+02,1.596852019429206848e-02
7.706822155287350142e+02,1.814955100417137146e-02
7.720712553902940272e+02,1.970285922288894653e-02
7.734597256794733084e+02,1.921490207314491272e-02
7.748476266805463410e+02,1.793118007481098175e-02
7.762349586775828811e+02,1.613835431635379791e-02
7.776217219544549835e+02,1.443445961922407150e-02
7.790079167948271106e+02,1.238950435072183609e-02
7.803935434821657964e+02,1.047796290367841721e-02
7.817786022997343025e+02,8.645469322800636292e-03
7.831630935305959156e+02,7.658102083951234818e-03
7.845470174576104228e+02,7.071041502058506012e-03
7.859303743634358170e+02,6.162689533084630966e-03
7.873131645305306847e+02,6.326817907392978668e-03
7.886953882411538643e+02,5.927474237978458405e-03
7.900770457773651287e+02,6.200272124260663986e-03
7.914581374210134754e+02,6.601541303098201752e-03
7.928386634537616828e+02,7.151052821427583694e-03
7.942186241570622087e+02,8.110755123198032379e-03
7.955980198121720832e+02,9.233525954186916351e-03
7.969768507001449507e+02,1.119615882635116577e-02
7.983551171018388004e+02,1.267253421247005463e-02
7.997328192979125561e+02,1.425173506140708923e-02
8.011099575688232335e+02,1.706092432141304016e-02
8.024865321948262817e+02,1.938077248632907867e-02
8.038625434559818359e+02,2.246153354644775391e-02
8.052379916321551718e+02,2.437788061797618866e-02
8.066128770030031774e+02,2.647309377789497375e-02
8.079871998479918602e+02,2.866064384579658508e-02
8.093609604463858886e+02,3.052049130201339722e-02
8.107341590772543896e+02,3.245822712779045105e-02
8.121067960194651505e+02,3.355190902948379517e-02
8.134788715516883713e+02,3.414111211895942688e-02
8.148503859524034851e+02,3.583808988332748413e-02
8.162213394998798321e+02,3.680863231420516968e-02
8.175917324722021249e+02,3.774081543087959290e-02
8.189615651472536229e+02,3.752367943525314331e-02
8.203308378027159051e+02,3.726382181048393250e-02
8.216995507160794432e+02,3.652260452508926392e-02
8.230677041646356429e+02,3.481555357575416565e-02
8.244352984254827561e+02,3.379944339394569397e-02
8.258023337755172406e+02,3.183781728148460388e-02
8.271688104914470614e+02,3.052842617034912109e-02
8.285347288497762293e+02,2.995511144399642944e-02
8.299000891268159421e+02,2.937490306794643402e-02
8.312648915986862903e+02,2.778583765029907227e-02
8.326291365413039784e+02,2.754015661776065826e-02
8.339928242303988100e+02,2.686334028840065002e-02
8.353559549415011816e+02,2.677914872765541077e-02
8.367185289499465171e+02,2.596307545900344849e-02
8.380805465308727662e+02,2.473243139684200287e-02
8.394420079592337061e+02,2.431674301624298096e-02
8.408029135097746121e+02,2.300244756042957306e-02
8.421632634570590881e+02,2.243607118725776672e-02
8.435230580754464427e+02,2.093635126948356628e-02
8.448822976391120392e+02,1.995600387454032898e-02
8.462409824220272867e+02,1.887694932520389557e-02
8.475991126979812407e+02,1.760725677013397217e-02
8.489566887405572970e+02,1.584320142865180969e-02
8.503137108231586581e+02,1.525004114955663681e-02
8.516701792189826392e+02,1.463744509965181351e-02
8.530260942010443159e+02,1.319474726915359497e-02
8.543814560421593569e+02,1.221065875142812729e-02
8.557362650149545971e+02,1.135139446705579758e-02
8.570905213918620120e+02,1.082315016537904739e-02
8.584442254451224699e+02,1.012039650231599808e-02
8.597973774467884596e+02,9.907168336212635040e-03
8.611499776687105623e+02,9.286060929298400879e-03
8.625020263825596203e+02,9.466527961194515228e-03
8.638535238598066144e+02,9.057516232132911682e-03
8.652044703717320999e+02,9.035903029143810272e-03
8.665548661894342786e+02,8.876118808984756470e-03
8.679047115838053514e+02,8.561975322663784027e-03
8.692540068255621009e+02,8.802945725619792938e-03
8.706027521852149675e+02,8.541896007955074310e-03
8.719509479330989734e+02,9.016865864396095276e-03
8.732985943393474599e+02,8.940466679632663727e-03
8.746456916739115286e+02,9.396724402904510498e-03
8.759922402065429878e+02,9.719819761812686920e-03
8.773382402068133388e+02,1.016143616288900375e-02
8.786836919441012697e+02,9.670733474195003510e-03
8.800285956875927695e+02,1.015814021229743958e-02
8.813729517062866989e+02,9.974896907806396484e-03
8.827167602689939940e+02,1.054002065211534500e-02
8.840600216443320960e+02,1.016934867948293686e-02
8.854027361007363197e+02,1.002698577940464020e-02
8.867449039064471208e+02,9.614450857043266296e-03
8.880865253295205548e+02,9.483985602855682373e-03
8.894276006378171360e+02,8.938449434936046600e-03
8.907681300990202544e+02,9.014421142637729645e-03
8.921081139806174178e+02,8.544148877263069153e-03
8.934475525499102559e+02,8.125006221234798431e-03
8.947864460740091772e+02,7.683913689106702805e-03
8.961247948198448512e+02,7.740203291177749634e-03
8.974625990541503597e+02,7.392520084977149963e-03
8.987998590434834796e+02,7.143528666347265244e-03
9.001365750542045134e+02,7.057906594127416611e-03
9.014727473524870902e+02,7.016926072537899017e-03
9.028083762043273737e+02,7.422707509249448776e-03
9.041434618755283736e+02,7.605866529047489166e-03
9.054780046317042661e+02,7.634315639734268188e-03
9.068120047382873281e+02,8.179171942174434662e-03
9.081454624605190702e+02,8.674278855323791504e-03
9.094783780634608092e+02,8.646038360893726349e-03
9.108107518119874157e+02,9.655695408582687378e-03
9.121425839707809473e+02,1.019211858510971069e-02
9.134738748043454279e+02,1.057554781436920166e-02
9.148046245769963889e+02,1.003520283848047256e-02
9.161348335528629150e+02,9.694004431366920471e-03
9.174645019958938974e+02,9.635714814066886902e-03
9.187936301698453008e+02,9.578285738825798035e-03
9.201222183382977846e+02,8.677399717271327972e-03
9.214502667646406735e+02,8.716643787920475006e-03
9.227777757120792330e+02,8.154960349202156067e-03
9.241047454436388762e+02,7.906200364232063293e-03
9.254311762221561821e+02,8.404922671616077423e-03
9.267570683102856037e+02,8.439934812486171722e-03
9.280824219704995812e+02,8.353475481271743774e-03
9.294072374650816073e+02,8.412354625761508942e-03
9.307315150561377095e+02,8.689791895449161530e-03
9.320552550055892880e+02,8.495341986417770386e-03
9.333784575751694774e+02,8.634849451482295990e-03
9.347011230264354253e+02,8.899706415832042694e-03
9.360232516207556728e+02,8.639502339065074921e-03
9.373448436193211819e+02,8.781178854405879974e-03
9.386658992831340811e+02,8.400689810514450073e-03
9.399864188730207388e+02,7.579782046377658844e-03
9.413064026496192582e+02,7.365508005023002625e-03
9.426258508733916415e+02,6.724978331476449966e-03
9.439447638046136717e+02,6.103451829403638840e-03
9.452631417033791195e+02,5.545993801206350327e-03
9.465809848296013342e+02,5.255565047264099121e-03
9.478982934430142677e+02,5.030280910432338715e-03
9.492150678031669031e+02,4.840796813368797302e-03
9.505313081694332595e+02,4.443662241101264954e-03
9.518470148009959075e+02,3.727575764060020447e-03
9.531621879568623399e+02,3.722941270098090172e-03
9.544768278958639485e+02,3.749111900106072426e-03
9.557909348766459061e+02,3.645080374553799629e-03
9.571045091576711457e+02,3.758884733542799950e-03
9.584175509972270675e+02,3.198654158040881157e-03
9.597300606534187182e+02,3.367619821801781654e-03
9.610420383841734520e+02,3.259029239416122437e-03
9.623534844472344503e+02,3.352416912093758583e-03
9.636643991001690210e+02,2.922975458204746246e-03
9.649747826003668933e+02,2.974872710183262825e-03
9.662846352050308951e+02,2.893149852752685547e-03
9.675939571711866165e+02,3.092900384217500687e-03
9.689027487556921869e+02,3.186794696375727654e-03
9.702110102152088302e+02,2.902372973039746284e-03
9.715187418062347433e+02,2.953587332740426064e-03
9.728259437850774702e+02,3.158870385959744453e-03
9.741326164078756165e+02,3.129104617983102798e-03
9.754387599305809999e+02,3.090703859925270081e-03
9.767443746089743399e+02,3.420008579269051552e-03
9.780494606986562758e+02,3.789928741753101349e-03
9.793540184550473668e+02,4.216423258185386658e-03
9.806580481333927537e+02,4.967619664967060089e-03
9.819615499887576107e+02,5.465080495923757553e-03
9.832645242760355586e+02,6.560996640473604202e-03
9.845669712499360458e+02,7.826335728168487549e-03
9.858688911649950342e+02,8.738201111555099487e-03
9.871702842755709071e+02,9.689870290458202362e-03
9.884711508358436731e+02,1.134467963129281998e-02
9.897714910998205369e+02,1.354920491576194763e-02
9.910713053213281682e+02,1.857807487249374390e-02
9.923705937540179320e+02,2.733993344008922577e-02
9.936693566513698670e+02,4.057535529136657715e-02
9.949675942666816582e+02,5.646504834294319153e-02
9.962653068530755718e+02,7.309217751026153564e-02
9.975624946635024344e+02,8.546748012304306030e-02
9.988591579507332199e+02,9.151057898998260498e-02
1.000155296967365189e+03,9.071736782789230347e-02
1.001450911965822343e+03,8.182326704263687134e-02
1.002746003198346671e+03,6.985305994749069214e-02
1.004040570917017135e+03,5.726242810487747192e-02
1.005334615373726479e+03,4.504616558551788330e-02
1.006628136820193959e+03,3.580891340970993042e-02
1.007921135507973986e+03,2.773285098373889923e-02
1.009213611688434412e+03,2.235983125865459442e-02
1.010505565612776309e+03,1.802115328609943390e-02
1.011796997532027149e+03,1.458481326699256897e-02
1.013087907697032279e+03,1.202083099633455276e-02
1.014378296358474472e+03,1.078226603567600250e-02
1.015668163766851990e+03,9.985008276998996735e-03
1.016957510172498587e+03,9.434414096176624298e-03
1.018246335825569986e+03,9.486674331128597260e-03
1.019534640976048649e+03,9.369329549372196198e-03
1.020822425873745374e+03,9.981795214116573334e-03
1.022109690768297810e+03,1.116940751671791077e-02
1.023396435909167849e+03,1.259529776871204376e-02
1.024682661545652763e+03,1.434839889407157898e-02
1.025968367926865085e+03,1.612722128629684448e-02
1.027253555301757387e+03,1.865161396563053131e-02
1.028538223919101938e+03,2.116076089441776276e-02
1.029822374027499563e+03,2.213617414236068726e-02
1.031106005875384653e+03,2.298398315906524658e-02
1.032389119711013564e+03,2.246236614882946014e-02
1.033671715782475303e+03,2.204381860792636871e-02
1.034953794337685849e+03,1.937751658260822296e-02
1.036235355624385420e+03,1.803572848439216614e-02
1.037516399890153480e+03,1.594453677535057068e-02
1.038796927382388048e+03,1.416802685707807541e-02
1.040076938348321846e+03,1.186868175864219666e-02
1.041356433035013879e+03,1.104769296944141388e-02
1.042635411689356715e+03,9.887694381177425385e-03
1.043913874558067164e+03,8.538586087524890900e-03
1.045191821887696733e+03,7.979182526469230652e-03
1.046469253924620034e+03,7.503881119191646576e-03
1.047746170915050243e+03,6.856054067611694336e-03
1.049022573105023639e+03,6.298171356320381165e-03
1.050298460740408700e+03,6.167554762214422226e-03
1.051573834066909740e+03,5.953802261501550674e-03
1.052848693330050764e+03,5.373196210712194443e-03
1.054123038775193208e+03,5.109053105115890503e-03
1.055396870647531614e+03,4.580045584589242935e-03
1.056670189192086809e+03,4.272934049367904663e-03
1.057942994653708865e+03,3.906375262886285782e-03
1.059215287277086645e+03,3.648502985015511513e-03
1.060487067306736208e+03,3.267508000135421753e-03
1.061758334987001945e+03,2.962722908705472946e-03
1.063029090562063629e+03,2.835838356986641884e-03
1.064299334275933688e+03,2.756174188107252121e-03
1.065569066372453790e+03,2.706457162275910378e-03
1.066838287095300302e+03,2.293527824804186821e-03
1.068106996687976562e+03,1.957319211214780807e-03
1.069375195393825152e+03,2.354047028347849846e-03
1.070642883456017671e+03,2.190557541325688362e-03
1.071910061117556097e+03,2.401026897132396698e-03
1.073176728621280063e+03,2.084765117615461349e-03
1.074442886209860035e+03,2.313802484422922134e-03
1.075708534125797314e+03,2.057595644146203995e-03
1.076973672611428583e+03,2.095422940328717232e-03
1.078238301908925450e+03,2.393244765698909760e-03
1.079502422260288313e+03,2.816084539517760277e-03
1.080766033907355222e+03,2.955042058601975441e-03
1.082029137091796656e+03,3.343390068039298058e-03
1.083291732055116654e+03,3.669128753244876862e-03
1.084553819038652364e+03,3.847189480438828468e-03
1.085815398283577451e+03,3.537208773195743561e-03
1.087076470030901874e+03,3.698195097967982292e-03
1.088337034521461646e+03,3.267522202804684639e-03
1.089597091995934079e+03,3.861550707370042801e-03
1.090856642694832544e+03,3.442599205300211906e-03
1.092115686858498293e+03,4.013127647340297699e-03
1.093374224727112505e+03,3.570308210328221321e-03
1.094632256540694016e+03,4.062017891556024551e-03
1.095889782539087491e+03,4.033618606626987457e-03
1.097146802961984122e+03,4.705833271145820618e-03
1.098403318048905703e+03,5.322675220668315887e-03
1.099659328039205320e+03,6.390769965946674347e-03
1.100914833172077579e+03,7.536645978689193726e-03
1.102169833686553829e+03,8.711640723049640656e-03
1.103424329821495121e+03,1.088448613882064819e-02
1.104678321815608115e+03,1.283460389822721481e-02
1.105931809907423258e+03,1.538321096450090408e-02
1.107184794335322522e+03,1.775009743869304657e-02
1.108437275337511437e+03,2.002329751849174500e-02
1.109689253152037281e+03,2.190750837326049805e-02
1.110940728016789080e+03,2.314963936805725098e-02
1.112191700169483056e+03,2.402681298553943634e-02
1.113442169847680361e+03,2.316942065954208374e-02
1.114692137288775939e+03,2.248511649668216705e-02
1.115941602730001932e+03,2.107403054833412170e-02
1.117190566408434051e+03,1.874239742755889893e-02
1.118439028560975430e+03,1.665806770324707031e-02
1.119686989424373905e+03,1.424670964479446411e-02
1.120934449235213833e+03,1.322380360215902328e-02
1.122181408229922454e+03,1.075620669871568680e-02
1.123427866644751703e+03,9.380334988236427307e-03
1.124673824715808678e+03,8.059574291110038757e-03
1.125919282679024263e+03,6.870639510452747345e-03
1.127164240770179731e+03,6.125609856098890305e-03
1.128408699224887641e+03,5.504711531102657318e-03
1.129652658278604122e+03,5.188441835343837738e-03
1.130896118166620226e+03,4.713220521807670593e-03
1.132139079124067393e+03,4.118348471820354462e-03
1.133381541385920173e+03,4.043256863951683044e-03
1.134623505186984175e+03,3.989003133028745651e-03
1.135864970761913355e+03,3.598419018089771271e-03
1.137105938345201366e+03,3.806870197877287865e-03
1.138346408171172015e+03,3.299987176433205605e-03
1.139586380473995860e+03,3.732533426955342293e-03
1.140825855487687022e+03,3.716522362083196640e-03
1.142064833446095008e+03,3.750786185264587402e-03
1.143303314582906523e+03,3.769373986870050430e-03
1.144541299131656842e+03,4.159491043537855148e-03
1.145778787325715484e+03,4.737613257020711899e-03
1.147015779398299401e+03,4.777391906827688217e-03
1.148252275582455013e+03,5.242000333964824677e-03
1.149488276111082541e+03,6.434420123696327209e-03
1.150723781216914176e+03,7.058950141072273254e-03
1.151958791132526812e+03,8.424832485616207123e-03
1.153193306090342958e+03,8.857791312038898468e-03
1.154427326322618228e+03,9.953207336366176605e-03
1.155660852061458399e+03,9.814548306167125702e-03
1.156893883538802811e+03,9.416248649358749390e-03
1.158126420986440735e+03,8.989623747766017914e-03
1.159358464635994778e+03,7.882755249738693237e-03
1.160590014718937482e+03,7.059403229504823685e-03
1.161821071466583362e+03,6.465416867285966873e-03
1.163051635110082543e+03,5.551357287913560867e-03
1.164281705880434856e+03,5.424750503152608871e-03
1.165511284008478015e+03,4.612356424331665039e-03
1.166740369724895118e+03,5.254181567579507828e-03
1.167968963260213968e+03,4.974685609340667725e-03
1.169197064844801162e+03,5.205617751926183701e-03
1.170424674708872317e+03,6.371529307216405869e-03
1.171651793082477298e+03,6.520870141685009003e-03
1.172878420195517265e+03,8.277252316474914551e-03
1.174104556277736492e+03,9.838300757110118866e-03
1.175330201558719409e+03,1.231935061514377594e-02
1.176555356267896059e+03,1.519283000379800797e-02
1.177780020634542552e+03,1.891692914068698883e-02
1.179004194887774702e+03,2.130806818604469299e-02
1.180227879256556662e+03,2.375490032136440277e-02
1.181451073969696381e+03,2.632627263665199280e-02
1.182673779255842874e+03,2.764186449348926544e-02
1.183895995343494633e+03,2.854872494935989380e-02
1.185117722460990535e+03,2.801814489066600800e-02
1.186338960836518709e+03,2.810151502490043640e-02
1.187559710698108347e+03,2.698414400219917297e-02
1.188779972273636986e+03,2.502238564193248749e-02
1.189999745790824136e+03,2.356574870645999908e-02
1.191219031477239469e+03,2.183328941464424133e-02
1.192437829560292130e+03,2.053152397274971008e-02
1.193656140267241881e+03,2.007052302360534668e-02
1.194873963825191822e+03,1.980240829288959503e-02
1.196091300461094306e+03,2.014240995049476624e-02
1.197308150401742068e+03,2.101659588515758514e-02
1.198524513873777096e+03,2.246306650340557098e-02
1.199740391103691536e+03,2.278228104114532471e-02
1.200955782317816556e+03,2.318576164543628693e-02
1.202170687742334167e+03,2.386409789323806763e-02
1.203385107603272672e+03,2.292792312800884247e-02
1.204599042126507811e+03,2.186443656682968140e-02
1.205812491537757751e+03,2.055232226848602295e-02
1.207025456062599233e+03,1.946693845093250275e-02
1.208237935926438013e+03,1.767226308584213257e-02
1.209449931354545242e+03,1.660875976085662842e-02
1.210661442572027227e+03,1.580452732741832733e-02
1.211872469803845206e+03,1.439228467643260956e-02
1.213083013274804216e+03,1.380230858922004700e-02
1.214293073209557406e+03,1.407520659267902374e-02
1.215502649832606039e+03,1.344257034361362457e-02
1.216711743368304042e+03,1.355629879981279373e-02
1.217920354040842994e+03,1.328463945537805557e-02
1.219128482074275325e+03,1.361079514026641846e-02
1.220336127692490891e+03,1.389116328209638596e-02
1.221543291119236528e+03,1.339405588805675507e-02
1.222749972578103097e+03,1.401931792497634888e-02
1.223956172292531392e+03,1.415033638477325439e-02
1.225161890485810773e+03,1.451349165290594101e-02
1.226367127381080763e+03,1.461563725024461746e-02
1.227571883201327410e+03,1.442245207726955414e-02
1.228776158169390783e+03,1.453708577901124954e-02
1.229979952507957478e+03,1.407211367040872574e-02
1.231183266439559929e+03,1.397225353866815567e-02
1.232386100186589829e+03,1.331359148025512695e-02
1.233588453971277886e+03,1.312172878533601761e-02
1.234790328015712703e+03,1.245868857949972153e-02
1.235991722541827585e+03,1.192120742052793503e-02
1.237192637771411910e+03,1.176625024527311325e-02
1.238393073926097941e+03,1.134485006332397461e-02
1.239593031227375150e+03,1.115518715232610703e-02
1.240792509896576803e+03,1.113825757056474686e-02
1.241991510154895877e+03,1.070486661046743393e-02
1.243190032223368007e+03,1.023735757917165756e-02
1.244388076322880124e+03,1.041369605809450150e-02
1.245585642674176142e+03,1.016627252101898193e-02
1.246782731497847180e+03,1.010472606867551804e-02
1.247979343014335882e+03,1.032451633363962173e-02
1.249175477443934597e+03,1.055812463164329529e-02
1.250371135006790610e+03,9.857463650405406952e-03
1.251566315922899321e+03,9.890146553516387939e-03
1.252761020412111066e+03,9.622505865991115570e-03
1.253955248694128386e+03,9.416847489774227142e-03
1.255149000988502394e+03,9.316565468907356262e-03
1.256342277514638681e+03,8.401132188737392426e-03
1.257535078491790955e+03,8.396167308092117310e-03
1.258727404139074451e+03,8.035641163587570190e-03
1.259919254675446155e+03,7.590405177325010300e-03
1.261110630319725942e+03,6.820491049438714981e-03
1.262301531290573621e+03,6.664067506790161133e-03
1.263491957806516666e+03,6.429242435842752457e-03
1.264681910085922027e+03,6.210023537278175354e-03
1.265871388347022503e+03,5.733309313654899597e-03
1.267060392807892185e+03,5.885672755539417267e-03
1.268248923686461922e+03,5.543359555304050446e-03
1.269436981200522496e+03,5.591834895312786102e-03
1.270624565567713944e+03,5.358524620532989502e-03
1.271811677005523052e+03,5.619426723569631577e-03
1.272998315731302228e+03,5.350724793970584869e-03
1.274184481962251539e+03,5.259665660560131073e-03
1.275370175915424170e+03,5.687619093805551529e-03
1.276555397807732106e+03,5.413568112999200821e-03
1.277740147855933174e+03,5.819805897772312164e-03
1.278924426276651047e+03,5.722739268094301224e-03
1.280108233286353197e+03,6.173109170049428940e-03
1.281291569101370669e+03,6.356762722134590149e-03
1.282474433937880121e+03,6.939872168004512787e-03
1.283656828011919742e+03,7.133330218493938446e-03
1.284838751539382429e+03,7.726592943072319031e-03
1.286020204736013511e+03,7.858940400183200836e-03
1.287201187817413029e+03,8.484615944325923920e-03
1.288381700999038230e+03,9.343045763671398163e-03
1.289561744496202891e+03,9.468546137213706970e-03
1.290741318524073222e+03,9.856380522251129150e-03
1.291920423297670595e+03,9.996896609663963318e-03
1.293099059031881552e+03,1.061815395951271057e-02
1.294277225941432562e+03,1.111575588583946228e-02
1.295454924240919581e+03,1.156079489737749100e-02
1.296632154144789183e+03,1.186137087643146515e-02
1.297808915867342648e+03,1.206996385008096695e-02
1.298985209622742332e+03,1.245152018964290619e-02
1.300161035625005297e+03,1.258810702711343765e-02
1.301336394087999452e+03,1.246744673699140549e-02
1.302511285225459687e+03,1.218891143798828125e-02
1.303685709250971968e+03,1.213670615106821060e-02
1.304859666377976509e+03,1.242461428046226501e-02
1.306033156819774831e+03,1.225619576871395111e-02
1.307206180789523614e+03,1.179404277354478836e-02
1.308378738500242207e+03,1.208162307739257812e-02
1.309550830164798526e+03,1.152516435831785202e-02
1.310722455995924065e+03,1.156770717352628708e-02
1.311893616206204797e+03,1.167993340641260147e-02
1.313064311008087770e+03,1.157951261848211288e-02
1.314234540613873151e+03,1.168235670775175095e-02
1.315404305235726042e+03,1.187031436711549759e-02
1.316573605085664440e+03,1.167992781847715378e-02
1.317742440375560818e+03,1.123022288084030151e-02
1.318910811317158050e+03,1.066894643008708954e-02
1.320078718122044165e+03,1.041505578905344009e-02
1.321246161001675773e+03,9.220034815371036530e-03
1.322413140167361917e+03,8.833461441099643707e-03
1.323579655830274305e+03,8.080564439296722412e-03
1.324745708201440266e+03,7.594073656946420670e-03
1.325911297491747746e+03,6.976314354687929153e-03
1.327076423911946222e+03,6.620630156248807907e-03
1.328241087672637832e+03,6.782010197639465332e-03
1.329405288984291929e+03,6.259322632104158401e-03
1.330569028057230753e+03,6.055830046534538269e-03
1.331732305101640122e+03,6.096551194787025452e-03
1.332895120327566701e+03,5.975991021841764450e-03
1.334057473944909816e+03,5.920280236750841141e-03
1.335219366163436689e+03,5.599644500762224197e-03
1.336380797192771297e+03,5.295699927955865860e-03
1.337541767242396645e+03,5.298284813761711121e-03
1.338702276521656813e+03,4.902021959424018860e-03
1.339862325239759912e+03,5.140342749655246735e-03
1.341021913605765576e+03,4.681721795350313187e-03
1.342181041828604293e+03,4.654608666896820068e-03
1.343339710117060804e+03,4.444264341145753860e-03
1.344497918679783425e+03,4.349051043391227722e-03
1.345655667725279045e+03,4.130499903112649918e-03
1.346812957461916312e+03,4.323157481849193573e-03
1.347969788097929495e+03,4.056169185787439346e-03
1.349126159841407116e+03,4.025832749903202057e-03
1.350282072900301273e+03,3.907773178070783615e-03
1.351437527482427640e+03,4.080228507518768311e-03
1.352592523795462739e+03,4.187238402664661407e-03
1.353747062046945075e+03,4.164907149970531464e-03
1.354901142444271045e+03,4.234702792018651962e-03
1.356054765194706079e+03,4.175612702965736389e-03
1.357207930505373270e+03,4.287869669497013092e-03
1.358360638583256105e+03,4.341341089457273483e-03
1.359512889635202555e+03,4.490321967750787735e-03
1.360664683867922577e+03,4.452340304851531982e-03
1.361816021487993339e+03,4.407546948641538620e-03
1.362966902701844901e+03,4.522779956459999084e-03
1.364117327715777037e+03,4.471439868211746216e-03
1.365267296735952868e+03,4.694508854299783707e-03
1.366416809968392727e+03,4.750529769808053970e-03
1.367565867618984385e+03,4.551598802208900452e-03
1.368714469893478736e+03,4.925550427287817001e-03
1.369862616997490704e+03,5.211639218032360077e-03
1.371010309136491742e+03,5.276112817227840424e-03
1.372157546515825288e+03,5.576163996011018753e-03
1.373304329340694039e+03,5.673732608556747437e-03
1.374450657816164039e+03,5.917386617511510849e-03
1.375596532147169000e+03,6.034902762621641159e-03
1.376741952538501437e+03,6.523103453218936920e-03
1.377886919194820166e+03,6.462917663156986237e-03
1.379031432320650765e+03,6.361624225974082947e-03
1.380175492120376475e+03,6.640783045440912247e-03
1.381319098798254572e+03,6.599212996661663055e-03
1.382462252558394539e+03,6.118127144873142242e-03
1.383604953604780349e+03,6.495048291981220245e-03
1.384747202141257276e+03,6.138558965176343918e-03
1.385888998371535990e+03,6.247726269066333771e-03
1.387030342499186645e+03,6.100332364439964294e-03
1.388171234727655019e+03,5.969834513962268829e-03
1.389311675260242055e+03,5.947221070528030396e-03
1.390451664300118864e+03,6.288148462772369385e-03
1.391591202050323773e+03,6.562734954059123993e-03
1.392730288713752088e+03,6.840527988970279694e-03
1.393868924493171562e+03,7.258425001055002213e-03
1.395007109591219432e+03,7.483320310711860657e-03
1.396144844210385827e+03,8.448546752333641052e-03
1.397282128553036728e+03,8.897530846297740936e-03
1.398418962821404421e+03,9.370973333716392517e-03
1.399555347217583858e+03,1.024320349097251892e-02
1.400691281943531749e+03,1.076831575483083725e-02
1.401826767201083157e+03,1.121636759489774704e-02
1.402961803191927856e+03,1.184336096048355103e-02
1.404096390117625333e+03,1.252234261482954025e-02
1.405230528179605471e+03,1.342673134058713913e-02
1.406364217579161050e+03,1.394902449101209641e-02
1.407497458517457289e+03,1.432487368583679199e-02
1.408630251195513665e+03,1.475591771304607391e-02
1.409762595814233237e+03,1.554903015494346619e-02
1.410894492574370815e+03,1.565874926745891571e-02
1.412025941676560478e+03,1.567650772631168365e-02
1.413156943321294875e+03,1.535360328853130341e-02
1.414287497708941146e+03,1.461501140147447586e-02
1.415417605039729779e+03,1.390182878822088242e-02
1.416547265513758703e+03,1.312392298132181168e-02
1.417676479330994198e+03,1.267432235181331635e-02
1.418805246691272032e+03,1.207249425351619720e-02
1.419933567794293367e+03,1.079695485532283783e-02
1.421061442839629535e+03,1.004808489233255386e-02
1.422188872026719537e+03,9.983367286622524261e-03
1.423315855554872314e+03,9.200369007885456085e-03
1.424442393623259932e+03,8.946004323661327362e-03
1.425568486430929170e+03,9.000081568956375122e-03
1.426694134176787884e+03,8.238823153078556061e-03
1.427819337059621830e+03,7.646642159670591354e-03
1.428944095278081022e+03,7.950668223202228546e-03
1.430068409030680868e+03,7.613612804561853409e-03
1.431192278515810585e+03,8.114116266369819641e-03
1.432315703931727512e+03,8.335676044225692749e-03
1.433438685476558703e+03,8.624706417322158813e-03
1.434561223348296835e+03,8.966352790594100952e-03
1.435683317744811120e+03,8.863282389938831329e-03
1.436804968863831391e+03,9.985114447772502899e-03
1.437926176902962652e+03,1.050381548702716827e-02
1.439046942059681442e+03,1.058515440672636032e-02
1.440167264531327419e+03,1.121470145881175995e-02
1.441287144515117234e+03,1.209072675555944443e-02
1.442406582208132704e+03,1.261534262448549271e-02
1.443525577807327863e+03,1.316129136830568314e-02
1.444644131509526460e+03,1.366586517542600632e-02
1.445762243511422639e+03,1.404950022697448730e-02
1.446879914009581853e+03,1.437992230057716370e-02
1.447997143200437904e+03,1.398433931171894073e-02
1.449113931280298630e+03,1.413089502602815628e-02
1.450230278445337262e+03,1.448488421738147736e-02
1.451346184891606072e+03,1.427504140883684158e-02
1.452461650815019766e+03,1.422921661287546158e-02
1.453576676411368680e+03,1.385234110057353973e-02
1.454691261876313774e+03,1.337211392819881439e-02
1.455805407405386859e+03,1.393164042383432388e-02
1.456919113193991507e+03,1.365791819989681244e-02
1.458032379437401460e+03,1.370778586715459824e-02
1.459145206330761766e+03,1.352652348577976227e-02
1.460257594069094694e+03,1.289319340139627457e-02
1.461369542847287676e+03,1.314222067594528198e-02
1.462481052860100363e+03,1.255373470485210419e-02
1.463592124302168486e+03,1.221095863729715347e-02
1.464702757367996128e+03,1.171358115971088409e-02
1.465812952251962997e+03,1.139281876385211945e-02
1.466922709148319427e+03,1.072499062865972519e-02
1.468032028251182737e+03,1.031378749758005142e-02
1.469140909754554059e+03,9.690293110907077789e-03
1.470249353852299237e+03,8.990857750177383423e-03
1.471357360738156785e+03,8.188605308532714844e-03
1.472464930605741074e+03,8.141493424773216248e-03
1.473572063648536869e+03,7.432448677718639374e-03
1.474678760059902743e+03,6.865987554192543030e-03
1.475785020033074034e+03,6.284714676439762115e-03
1.476890843761149199e+03,6.062816828489303589e-03
1.477996231437112101e+03,5.436080973595380783e-03
1.479101183253811996e+03,4.674992524087429047e-03
1.480205699403973995e+03,4.210103768855333328e-03
1.481309780080198379e+03,4.164278041571378708e-03
1.482413425474956966e+03,3.385605057701468468e-03
1.483516635780596062e+03,3.482162952423095703e-03
1.484619411189333505e+03,3.138036699965596199e-03
1.485721751893266173e+03,3.075852990150451660e-03
1.486823658084360886e+03,2.750442828983068466e-03
1.487925129954458498e+03,2.794305561110377312e-03
1.489026167695278218e+03,2.358769765123724937e-03
1.490126771498409880e+03,2.471073996275663376e-03
1.491226941555316898e+03,2.583270659670233727e-03
1.492326678057341269e+03,2.803609007969498634e-03
1.493425981195699478e+03,2.737606875598430634e-03
1.494524851161475681e+03,2.424463396891951561e-03
1.495623288145638980e+03,2.146960934624075890e-03
1.496721292339026604e+03,1.883760094642639160e-03
1.497818863932349359e+03,1.729533658362925053e-03
1.498916003116203683e+03,1.422101398929953575e-03
1.500012710081049363e+03,1.491638133302330971e-03
1.501108985017226360e+03,1.432340359315276146e-03
1.502204828114949578e+03,1.132253557443618774e-03
1.503300239564314097e+03,1.252685789950191975e-03
1.504395219555283120e+03,9.527061483822762966e-04
1.505489768277698431e+03,1.009249943308532238e-03
1.506583885921279943e+03,9.818387916311621666e-04
1.507677572675620240e+03,9.390764753334224224e-04
1.508770828730192079e+03,7.740042638033628464e-04
1.509863654274340661e+03,1.143309171311557293e-03
1.510956049497285221e+03,1.084547373466193676e-03
1.512048014588127899e+03,1.259168493561446667e-03
1.513139549735843048e+03,4.323254979681223631e-04
1.514230655129283377e+03,5.659234593622386456e-04
1.515321330957176087e+03,3.605103411246091127e-04
1.516411577408126959e+03,3.292610927019268274e-04
1.517501394670615809e+03,2.850831660907715559e-04
1.518590782933002856e+03,2.475923683959990740e-04
1.519679742383525763e+03,1.658097608014941216e-04
1.520768273210293046e+03,1.539211370982229710e-04
1.521856375601299078e+03,1.292492815991863608e-04
1.522944049744407948e+03,1.000206684693694115e-04
1.524031295827366421e+03,-2.644578926265239716e-04
1.525118114037795976e+03,-9.944264456862583756e-05
1.526204504563193950e+03,-1.159193270723335445e-04
1.527290467590943081e+03,-5.316252936609089375e-04
1.528376003308296049e+03,-2.150193322449922562e-04
1.529461111902383891e+03,3.520022346492623910e-06
1.530545793560218272e+03,-2.074670046567916870e-04
1.531630048468689893e+03,-3.374497464392334223e-04
1.532713876814565538e+03,-4.913873854093253613e-04
1.533797278784490572e+03,-1.548898289911448956e-04
1.534880254564986899e+03,-3.960999310947954655e-04
1.535962804342459094e+03,-2.607768983580172062e-04
1.537044928303185998e+03,-2.492142084520310163e-04
1.538126626633329806e+03,-3.346576995681971312e-04
1.539207899518926297e+03,-9.105317076318897307e-06
1.540288747145892330e+03,-4.443178477231413126e-04
1.541369169700023576e+03,-1.820443576434627175e-04
1.542449167366995653e+03,-2.759318449534475803e-04
1.543528740332361622e+03,-7.840683247195556760e-05
1.544607888781554266e+03,-6.876568659208714962e-05
1.545686612899888132e+03,-1.408884872944327071e-05
1.546764912872553168e+03,-7.353010732913389802e-05
1.547842788884620632e+03,1.537612988613545895e-04
1.548920241121040362e+03,-4.358410660643130541e-05
1.549997269766644877e+03,1.929973223013803363e-04
1.551073875006140952e+03,6.900083826621994376e-05
1.552150057024124862e+03,-5.488360329763963819e-05
1.553225816005058732e+03,4.392533810460008681e-05
1.554301152133297819e+03,1.078571658581495285e-04
1.555376065593067779e+03,1.325507491856114939e-05
1.556450556568485354e+03,9.200416388921439648e-05
1.557524625243533364e+03,4.213636930217035115e-05
1.558598271802090494e+03,3.476525598671287298e-04
1.559671496427902639e+03,3.566558880265802145e-04
1.560744299304603373e+03,2.962948929052799940e-04
1.561816680615707128e+03,6.760222604498267174e-04
1.562888640544604414e+03,7.143035763874650002e-04
1.563960179274570919e+03,5.203283508308231831e-04
1.565031296988765234e+03,9.138476452790200710e-04
1.566101993870218166e+03,1.352344057522714138e-03
1.567172270101849563e+03,1.297404407523572445e-03
1.568242125866460583e+03,1.706834649667143822e-03
1.569311561346728013e+03,2.245077863335609436e-03
1.570380576725214496e+03,2.938050311058759689e-03
1.571449172184363078e+03,3.299167379736900330e-03
1.572517347906497207e+03,3.775565885007381439e-03
1.573585104073826187e+03,4.563344176858663559e-03
1.574652440868434724e+03,4.985990468412637711e-03
1.575719358472295880e+03,5.572625435888767242e-03
1.576785857067260395e+03,5.937419831752777100e-03
1.577851936835062133e+03,6.044859997928142548e-03
1.578917597957316048e+03,6.730780471116304398e-03
1.579982840615521809e+03,7.490731775760650635e-03
1.581047664991059946e+03,7.439620792865753174e-03
1.582112071265193890e+03,7.595734670758247375e-03
1.583176059619069974e+03,7.696154061704874039e-03
1.584239630233715388e+03,6.876965984702110291e-03
1.585302783290039770e+03,6.808815989643335342e-03
1.586365518968840661e+03,7.045240141451358795e-03
1.587427837450789411e+03,6.662969477474689484e-03
1.588489738916451188e+03,6.675627548247575760e-03
1.589551223546265419e+03,7.344442885369062424e-03
1.590612291520558983e+03,7.987376302480697632e-03
1.591672943019538934e+03,9.088265709578990936e-03
1.592733178223302275e+03,1.123598869889974594e-02
1.593792997311822319e+03,1.366487238556146622e-02
1.594852400464954826e+03,1.666179299354553223e-02
1.595911387862450283e+03,2.032888866961002350e-02
1.596969959683927982e+03,2.405528724193572998e-02
1.598028116108901713e+03,2.792981266975402832e-02
1.599085857316767488e+03,3.051991388201713562e-02
1.600143183486798762e+03,3.198473900556564331e-02
1.601200094798161672e+03,3.247274085879325867e-02
1.602256591429903665e+03,3.233914077281951904e-02
1.603312673560950543e+03,3.156916797161102295e-02
1.604368341370119879e+03,3.123043105006217957e-02
1.605423595036113966e+03,2.912077680230140686e-02
1.606478434737512316e+03,2.866799011826515198e-02
1.607532860652786894e+03,2.650541812181472778e-02
1.608586872960287337e+03,2.475506626069545746e-02
1.609640471838254143e+03,2.380094863474369049e-02
1.610693657464808666e+03,2.217001095414161682e-02
1.611746430017959483e+03,2.034827135503292084e-02
1.612798789675600347e+03,1.914081722497940063e-02
1.613850736615506094e+03,1.722134090960025787e-02
1.614902271015342194e+03,1.614790596067905426e-02
1.615953393052655883e+03,1.480747014284133911e-02
1.617004102904882984e+03,1.376823429018259048e-02
1.618054400749338583e+03,1.306486595422029495e-02
1.619104286763230903e+03,1.302808430045843124e-02
1.620153761123651520e+03,1.273967232555150986e-02
1.621202824007572644e+03,1.296350918710231781e-02
1.622251475591857798e+03,1.415537204593420029e-02
1.623299716053256134e+03,1.638542488217353821e-02
1.624347545568399028e+03,1.920390501618385315e-02
1.625394964313809851e+03,2.174588292837142944e-02
1.626441972465892604e+03,2.561271376907825470e-02
1.627488570200941012e+03,2.811076119542121887e-02
1.628534757695131020e+03,3.044598363339900970e-02
1.629580535124530797e+03,3.112576343119144440e-02
1.630625902665091189e+03,2.966573461890220642e-02
1.631670860492650263e+03,2.934274822473526001e-02
1.632715408782933082e+03,2.721109986305236816e-02
1.633759547711552614e+03,2.498582005500793457e-02
1.634803277454004046e+03,2.252852171659469604e-02
1.635846598185676612e+03,2.047678083181381226e-02
1.636889510081842445e+03,1.817324943840503693e-02
1.637932013317661131e+03,1.642848923802375793e-02
1.638974108068176974e+03,1.437757536768913269e-02
1.640015794508330146e+03,1.302876323461532593e-02
1.641057072812935303e+03,1.094874646514654160e-02
1.642097943156707515e+03,9.575773961842060089e-03
1.643138405714242253e+03,7.871934212744235992e-03
1.644178460660022438e+03,6.801003590226173401e-03
1.645218108168419803e+03,5.621614400297403336e-03
1.646257348413694444e+03,4.813184496015310287e-03
1.647296181569997316e+03,3.728253534063696861e-03
1.648334607811362048e+03,3.226807340979576111e-03
1.649372627311714268e+03,2.542766276746988297e-03
1.650410240244862734e+03,2.333475975319743156e-03
1.651447446784509566e+03,1.590676838532090187e-03
1.652484247104245924e+03,1.559866359457373619e-03
1.653520641377544734e+03,1.168532646261155605e-03
1.654556629777773878e+03,9.900000877678394318e-04
1.655592212478189140e+03,7.969159050844609737e-04
1.656627389651928752e+03,7.326111663132905960e-04
1.657662161472029084e+03,3.374380758032202721e-04
1.658696528111409862e+03,5.158648127689957619e-04
1.659730489742879854e+03,4.177901719231158495e-04
1.660764046539134824e+03,1.519479992566630244e-04
1.661797198672767081e+03,2.971258982142899185e-05
1.662829946316251380e+03,-3.282988927821861580e-06
1.663862289641954021e+03,1.616951631149277091e-04
1.664894228822128980e+03,-2.890732685045804828e-05
1.665925764028923368e+03,6.742800906067714095e-05
1.666956895434370153e+03,-1.127380892285145819e-04
1.667987623210390893e+03,-4.754990513902157545e-04
1.669017947528805962e+03,-1.460414059692993760e-04
1.670047868561311361e+03,-3.500925085972994566e-04
1.671077386479506458e+03,-3.018029674421995878e-04
1.672106501454870340e+03,-3.174895537085831165e-04
1.673135213658778639e+03,-1.006052552838809788e-04
1.674163523262494209e+03,-3.134383005090057850e-04
1.675191430437171448e+03,-1.454270386602729559e-04
1.676218935353849702e+03,-5.603490862995386124e-04
1.677246038183470546e+03,-2.385703701293095946e-04
1.678272739096854593e+03,-4.848976386711001396e-04
1.679299038264716046e+03,-3.503805783111602068e-04
1.680324935857662695e+03,-3.193791781086474657e-04
1.681350432046189553e+03,-2.485624863766133785e-04
1.682375527000687725e+03,-7.862105849198997021e-05
1.683400220891431218e+03,-1.950659643625840545e-04
1.684424513888589900e+03,-1.963061549759004265e-05
1.685448406162225410e+03,6.217392365215346217e-05
1.686471897882288204e+03,-6.332868360914289951e-05
1.687494989218620958e+03,3.501714381854981184e-04
1.688517680340955394e+03,1.659108966123312712e-04
1.689539971418921823e+03,5.404229159466922283e-04
1.690561862622034823e+03,7.916493923403322697e-04
1.691583354119696651e+03,4.698274715337902308e-04
1.692604446081214292e+03,8.056270307861268520e-04
1.693625138675775588e+03,9.736590436659753323e-04
1.694645432072467884e+03,9.590961853973567486e-04
1.695665326440260060e+03,1.167219248600304127e-03
1.696684821948023000e+03,1.548603875562548637e-03
1.697703918764512991e+03,1.653486862778663635e-03
1.698722617058383776e+03,1.323710195720195770e-03
1.699740916998181319e+03,1.992583973333239555e-03
1.700758818752334264e+03,2.063696971163153648e-03
1.701776322489173708e+03,2.204280346632003784e-03
1.702793428376922293e+03,2.315484452992677689e-03
1.703810136583687608e+03,2.530755940824747086e-03
1.704826447277481975e+03,2.617799211293458939e-03
1.705842360626198570e+03,2.868219278752803802e-03
1.706857876797628478e+03,2.688921755179762840e-03
1.707872995959458649e+03,2.979432698339223862e-03
1.708887718279263481e+03,3.324586432427167892e-03
1.709902043924510963e+03,3.501972416415810585e-03
1.710915973062564944e+03,3.689519129693508148e-03
1.711929505860683321e+03,3.694470971822738647e-03
1.712942642486013028e+03,3.749123075976967812e-03
1.713955383105599367e+03,3.645892255008220673e-03
1.714967727886374860e+03,4.131088964641094208e-03
1.715979676995167665e+03,4.310129210352897644e-03
1.716991230598706579e+03,4.192898515611886978e-03
1.718002388863605120e+03,4.486166872084140778e-03
1.719013151956370848e+03,4.255810752511024475e-03
1.720023520043409235e+03,3.946651704609394073e-03
1.721033493291021614e+03,3.786041634157299995e-03
1.722043071865396769e+03,3.813520539551973343e-03
1.723052255932621620e+03,3.500246442854404449e-03
1.724061045658676221e+03,3.384945681318640709e-03
1.725069441209435354e+03,3.541755257174372673e-03
1.726077442750664659e+03,2.774602500721812248e-03
1.727085050448032234e+03,2.610704163089394569e-03
1.728092264467091582e+03,2.545930678024888039e-03
1.729099084973294111e+03,2.397411502897739410e-03
1.730105512131991418e+03,2.229398116469383240e-03
1.731111546108420271e+03,1.839249976910650730e-03
1.732117187067717623e+03,1.558111747726798058e-03
1.733122435174914472e+03,1.603450742550194263e-03
1.734127290594937222e+03,1.382173271849751472e-03
1.735131753492606322e+03,1.195768476463854313e-03
1.736135824032636265e+03,1.143085653893649578e-03
1.737139502379643091e+03,1.085736206732690334e-03
1.738142788698124377e+03,8.556765387766063213e-04
1.739145683152490847e+03,7.346266065724194050e-04
1.740148185907033621e+03,6.385645829141139984e-04
1.741150297125948782e+03,5.922027630731463432e-04
1.742152016973321452e+03,6.696779164485633373e-04
1.743153345613135116e+03,6.090401438996195793e-04
1.744154283209273672e+03,5.041960394009947777e-04
1.745154829925507784e+03,5.726134404540061951e-04
1.746154985925510800e+03,3.595868474803864956e-04
1.747154751372847613e+03,6.015413673594594002e-04
1.748154126430983297e+03,4.879151820205152035e-04
1.749153111263274923e+03,4.239892587065696716e-04
1.750151706032981338e+03,5.135549581609666348e-04
1.751149910903251339e+03,5.440869135782122612e-04
1.752147726037133452e+03,4.711031797342002392e-04
1.753145151597572749e+03,6.257478380575776100e-04
1.754142187747409935e+03,6.274522165767848492e-04
1.755138834649381124e+03,5.750653799623250961e-04
1.756135092466121478e+03,4.092779709026217461e-04
1.757130961360163383e+03,5.057160160504281521e-04
1.758126441493929178e+03,6.320844986476004124e-04
1.759121533029749799e+03,8.575776591897010803e-04
1.760116236129843855e+03,6.632382865063846111e-04
1.761110550956329689e+03,6.372179486788809299e-04
1.762104477671224231e+03,7.696316461078822613e-04
1.763098016436439821e+03,7.293353555724024773e-04
1.764091167413784888e+03,7.683939184062182903e-04
1.765083930764968272e+03,7.879584445618093014e-04
1.766076306651596951e+03,8.176835253834724426e-04
1.767068295235167170e+03,9.168785763904452324e-04
1.768059896677086044e+03,1.194277545437216759e-03
1.769051111138648366e+03,1.002419507130980492e-03
1.770041938781046838e+03,1.151866163127124310e-03
1.771032379765378437e+03,1.133545301854610443e-03
1.772022434252634639e+03,1.155039644800126553e-03
1.773012102403701874e+03,1.246004016138613224e-03
1.774001384379367664e+03,1.441035419702529907e-03
1.774990280340314939e+03,1.221176935359835625e-03
1.775978790447133633e+03,1.342623145319521427e-03
1.776966914860300903e+03,1.321013900451362133e-03
1.777954653740198182e+03,1.719788648188114166e-03
1.778942007247101401e+03,1.461493200622498989e-03
1.779928975541190084e+03,1.440711203031241894e-03
1.780915558782540302e+03,1.563535770401358604e-03
1.781901757131123986e+03,1.439513638615608215e-03
1.782887570746815527e+03,1.518407603725790977e-03
1.783872999789385176e+03,1.627231948077678680e-03
1.784858044418505187e+03,1.617713249288499355e-03
1.785842704793744360e+03,1.618355046957731247e-03
1.786826981074569176e+03,1.589617808349430561e-03
1.787810873420353346e+03,1.902185380458831787e-03
1.788794381990359170e+03,1.859172363765537739e-03
1.789777506943750268e+03,1.930111320689320564e-03
1.790760248439598172e+03,1.848109881393611431e-03
1.791742606636862092e+03,1.875118119642138481e-03
1.792724581694410290e+03,2.021020743995904922e-03
